img_name,comment
000u6xf6ah.jpg,i really like the colors .
00alrvto9c.jpg,nice color .
00bgjfnrv3.jpg,i think this is a little more light is a little more contrast .
00byqivuji.jpg,i think this is a little more contrast . great job .
00cf81arcm.jpg,"i think this is a bit too dark , but i like it ."
00d0mfipgf.jpg,i love the light and the blue .
00dcz5inji.jpg,nice colors .
00dghin3l5.jpg,i think this is a bit more contrast .
00dlnuha6f.jpg,nice use of light .
00dswkswq6.jpg,nice use of the colors .
00ekgcdpv9.jpg,i think this is a little too much contrast .
00f0e2nnzf.jpg,i think this is a good job .
00ficqcj0t.jpg,i think this is a bit too dark .
00fsrui657.jpg,"i think this is a little too dark , but i like this photo ."
00fyf1kftc.jpg,i love the colors . the colors .
00g3g35mn5.jpg,nice idea . i like the colors .
00hikq0kqb.jpg,i really like the colors .
00i4w70pks.jpg,nice job .
00kpy9bkj4.jpg,nice color .
00lfs0nnp9.jpg,i think this is a bit more contrast .
00lnakd110.jpg,i think this is a little too dark .
00m0fot82f.jpg,i think this is a little too dark and i like it .
00m3mgjagu.jpg,i love the colors and the blue .
00oxcejwwq.jpg,i like the colors . nice job .
00r98o891c.jpg,i think this is a great job .
00shuwi0ig.jpg,i love the colors and the colors .
00tpmt510f.jpg,i think this is a little too dark .
00ujc1lv6r.jpg,i think this is a good job .
00v05guybk.jpg,i think this is a bit more contrast . nice job .
00v0kem1zk.jpg,"nice idea , but i like the colors are great job !"
00xz877m66.jpg,"i think this is a bit too dark , but i like it ."
00yuvtqz2n.jpg,i think this is a lot of the image .
00yy1w519x.jpg,i think this is a great job .
0a0nbjgefy.jpg,i really like the colors .
0a22cfpsww.jpg,i think this is a little too much contrast .
0a2a1x0k6m.jpg,nice idea . good job .
0a401hg6vc.jpg,i think this is a little too dark .
0a5panhku8.jpg,i think this is a little more contrast .
0a6xosg379.jpg,i really like the colors .
0a7s93wb1f.jpg,i love the colors and the colors .
0a8aotgq26.jpg,i think this is a good job !
0a9ubz7qgx.jpg,i love this photo . i like the colors . i like the colors .
0a9wg0zk6w.jpg,nice detail .
0aa0j8ziql.jpg,i think this is a little dark .
0abkg39u3b.jpg,i think this is a bit too dark .
0acnf3ei4m.jpg,"i think this is a little too dark , but i like it ."
0ad1wf060x.jpg,i like the colors and the photo .
0ad96ddwe5.jpg,i think this is a little too dark .
0adc09mebv.jpg,i think it is a bit too dark .
0adde6fula.jpg,i think this is a little more contrast .
0aeh01c78b.jpg,i think this is a good job .
0aeqge10yv.jpg,i think this is a bit too dark .
0aev9yk418.jpg,i think this is a good job .
0af34m7ik3.jpg,i think this is a bit more contrast .
0afagwpwrw.jpg,i love the colors .
0ah9il93x0.jpg,i think this is a bit too dark .
0ajhde4bst.jpg,i think this is a bit too dark .
0ak39q4gn0.jpg,i think this is a bit more contrast .
0akf2s8347.jpg,nice colors .
0al8vwpunb.jpg,great job !
0anh5u4mrx.jpg,i think this is a good job .
0aoujzovsn.jpg,i think this is a bit more contrast .
0ap90v83oj.jpg,i like the light and the colors .
0aprdsnfb2.jpg,"i think this is a bit too dark , but i like it ."
0arorglqnl.jpg,i think this is a bit too dark .
0as7wdakkr.jpg,"i think this is a little too dark , but i like it ."
0ateutcphx.jpg,nice job !
0au2ww519k.jpg,i love the colors .
0aublt1htc.jpg,"i love the colors , but i like it ."
0ax5zzdy58.jpg,i think this is a little too dark .
0axak0tkd1.jpg,i think this is a bit too dark .
0axffp20h9.jpg,"i think this is a bit too dark , but i like it ."
0axlp65itk.jpg,i like the colors . nice job !
0azm7xsylc.jpg,nice use of the colors .
0b0vqg819u.jpg,i think this is a little too dark .
0b2qmqxy8t.jpg,i think this is a little dark .
0b3ss2qaod.jpg,i think this is a little more contrast .
0b449wsyf5.jpg,"i think this is a little too dark , but i like it ."
0b44rqetmh.jpg,i think this is a little more contrast . great job !
0b4jkgbkhg.jpg,i like the colors and the colors .
0b7mvtuw3a.jpg,i think this is a little too dark .
0b7xytmrq0.jpg,i like the colors and the colors .
0b8d8g4khe.jpg,i like this is a little more contrast .
0b9hg1v975.jpg,i think this is a bit more contrast . great job .
0banvkuwrl.jpg,nice color .
0bb4lglnee.jpg,nice job !
0bbukt4qrx.jpg,i think this is a lot of the image .
0bcwq4vbl5.jpg,i think this is a little more contrast .
0bdhm4vmzy.jpg,i think this is a bit too dark .
0bdmbgf7s1.jpg,nice use of the colors .
0bds4pdprj.jpg,nice job .
0bemxzfv2h.jpg,i like the colors and the colors .
0bes59un4m.jpg,i love the colors and the colors . the colors .
0beuxg093r.jpg,i love the colors .
0bf9m5gctz.jpg,i think this is a great job !
0bgftxsap3.jpg,"i think this is a little dark , but i like it ."
0bihubeyee.jpg,i love this image . i love the light .
0bisp53ph1.jpg,i think this is a little more contrast .
0biz87d6b3.jpg,"nice idea , but i like it ."
0bkpeccoyt.jpg,i think this is a little more contrast . good job .
0blu7ztrho.jpg,i think this is a great job !
0bm27utlzv.jpg,i think this is a bit too dark .
0bm42wjhpq.jpg,"i think this is a bit too dark , but i think it is a bit too dark ."
0bmuzao1og.jpg,i think this is a great job .
0bo1wegt94.jpg,i think this is a bit too dark .
0bo85p8az8.jpg,"nice use of light , but i like this ."
0boxq27ayk.jpg,i think this is a great job .
0bq6h72bqk.jpg,i really like the colors .
0brq6x4itg.jpg,nice use of the color .
0brwr4aved.jpg,i think this is a bit more light .
0buj19buxa.jpg,i think this is a great job .
0bvf2is6so.jpg,"i think this is a bit too dark , but i like it ."
0bw60360sq.jpg,i think this is a little too dark .
0bw7ab89au.jpg,i think this is a good job .
0bwc3ayp2m.jpg,i love the colors and the blue .
0bwfqekbpr.jpg,i love the colors and the colors .
0c05lciu3z.jpg,i think this is a little too dark .
0c0f81qz6g.jpg,"nice idea , but i like the colors ."
0c0lgns47v.jpg,i think this is a great job !
0c0z2ouau8.jpg,i think this is a little more contrast and white .
0c1a5w7yvb.jpg,i think this is a lot of the light .
0c1jns5j55.jpg,i think this is a little more contrast and white .
0c1zfxet3d.jpg,i think this is a little more contrast .
0c3c2jmztr.jpg,nice job .
0c49cqvu8k.jpg,i love the colors and the colors are great job !
0c5l4ljr93.jpg,i like the light and the colors .
0c5xaegsaz.jpg,i think this is a little more contrast . i like it .
0c7b76ajzc.jpg,i love the colors and the colors .
0c7yysx3mq.jpg,i think this is a bit too dark .
0c8pdary6v.jpg,i think this is a good job .
0c94sffiye.jpg,i think this is a bit too dark .
0caaugx531.jpg,nice job !
0cc0ifo5v7.jpg,i think this is a little too dark .
0cccjwg3dv.jpg,i think this is a little dark .
0ccqw6fkrm.jpg,i think this is a bit more contrast .
0cdbxmt6vm.jpg,"i think this is a little too dark , but i like it ."
0cfec0l7uc.jpg,i think this is a little more contrast .
0cg2u5x8ww.jpg,i think this is a bit too dark .
0cg77gjcco.jpg,i think this is a good job .
0cgq71laq4.jpg,great job !
0ch9j2ce9f.jpg,i think this is a lot of the colors .
0chf5tyef1.jpg,i love the colors and the colors .
0cjmxl6fm6.jpg,i love the colors and the blue .
0cjxq65d0r.jpg,nice color .
0cljiiupmw.jpg,nice use of light .
0clz7yxq1r.jpg,i think this is a great job .
0cm52phrqr.jpg,i think this is a little more contrast .
0cn3j3p7bi.jpg,i love the colors and the colors .
0cnttj8v7s.jpg,i like this is a bit more contrast .
0cnvh4zlv0.jpg,i think this is a little dark .
0coshyeyoc.jpg,i think this is a good job .
0cowig2dyc.jpg,i think this is a little more light .
0cpx9n5n6o.jpg,i think this is a great job .
0cqpfyho38.jpg,i like the colors and the colors .
0crcaokqtd.jpg,i think this is a good job .
0ct9nf6ebo.jpg,i love the colors and the colors . great capture .
0ctxf1rtkf.jpg,i like the light and the colors .
0cu7jx9u1o.jpg,i think this is a little more contrast .
0cwmjv2w2d.jpg,i like the light and the colors .
0cx244no23.jpg,i like this photo . nice job .
0cxj5f4lcp.jpg,i think this is a bit too dark .
0cxzozpdag.jpg,this is a little too dark .
0cz87jlzrv.jpg,i think this is a great job .
0d0d1hiaiw.jpg,i think this is a little too dark .
0d0eoefqj0.jpg,i think this is a lot of the colors .
0d18690mpr.jpg,i love the colors . i like the colors and the blue
0d23yhk4dp.jpg,i love the colors . the colors .
0d2bmnltvr.jpg,"i think this is a bit too dark , but i like it ."
0d35q44jzh.jpg,"i think this is a little too dark , but i like this photo ."
0d46oxwtki.jpg,i think this is a little too dark .
0d4dbh7su8.jpg,i think this is a bit too dark .
0d4jffxy5c.jpg,"i think this is a bit too dark , but i like this photo ."
0d7493j1dr.jpg,"i think this is a bit too dark , but i like it ."
0d85k1pvw2.jpg,i think this is a good job .
0dagn5aec4.jpg,nice color .
0dbwzp3fzn.jpg,nice job .
0dc2qw5ryp.jpg,i love the colors and the colors .
0dcpvwah7f.jpg,"i think this is a little too dark , but i like this photo ."
0dd9bdr48q.jpg,i think this is a bit too much contrast .
0debxzob32.jpg,i think this is a little too dark .
0deyxoa95h.jpg,"nice idea , but i like it ."
0dg0hu8nd3.jpg,i think this is a great job .
0dgvypx2pi.jpg,"i think this is a bit too dark , but i like it ."
0dh7i5xk7u.jpg,i think this is a bit too dark .
0dhovn91wo.jpg,i think this is a little more contrast .
0di8nqu4pf.jpg,i think this is a little dark .
0dixlxpbof.jpg,i think this is a great job !
0dizxtk5th.jpg,"nice idea , but i like it ."
0dk77jyvew.jpg,i think this is a good job .
0dli871tby.jpg,"i think this is a little too dark , but i think i like it ."
0dnu4045vo.jpg,"i think this is a bit too dark , but i like it ."
0dnwi0jdtl.jpg,i think this is a little too dark .
0do9dj04yz.jpg,i really like the colors .
0doo4brake.jpg,i really like the colors .
0drdm9zyv9.jpg,"nice idea , but i like it ."
0drp1c8h27.jpg,i like the light and the colors .
0dryok8snh.jpg,i think this is a good job .
0dsj39fj4j.jpg,i think this is a good job .
0dsuxxzpju.jpg,i think this is a little too dark .
0dtudyhtm9.jpg,i think this is a great job .
0duymmbs1i.jpg,i think this is a lot of the photo .
0dvd7wrtkq.jpg,i love the light and the colors .
0dvtcxliho.jpg,nice use of the colors .
0dwqgbaa0e.jpg,i think this is a little too dark .
0dx8bqf4v2.jpg,i think this is a little more contrast .
0dxgt0rdjg.jpg,nice use of the image .
0dy8wntksc.jpg,i think this is a bit too much contrast .
0dyf1nm3hk.jpg,nice color .
0dz73rl3qt.jpg,i think this is a little more light .
0dz7zhbh3k.jpg,"i think this is a little too dark , but i like it ."
0dzeyy8yqw.jpg,i think this is a bit too dark .
0e0065i4ml.jpg,i love the colors and the colors .
0e0d9j0vx2.jpg,"i think this is a bit too dark , but i like it ."
0e0jt8kein.jpg,i like the colors . nice job .
0e289uek4e.jpg,i would have been a bit more contrast .
0e2hd0xq6j.jpg,i think this is a bit too dark .
0e3a3pbdjc.jpg,i love this image . i like this image . i like this one .
0e4subukzf.jpg,nice colors .
0e6gdlfodl.jpg,i think this is a great job .
0e6s0soaz1.jpg,i think this is a good job .
0e75mkvwgj.jpg,nice use of the image .
0e7ctlayjf.jpg,nice job !
0e7qvwhia7.jpg,"i like this is a little more contrast , but i like it ."
0e7ucyo2rn.jpg,i think this is a bit too dark .
0e7vrkgoh1.jpg,i think this is a bit too dark .
0e8h2tpbrs.jpg,nice colors .
0e909e8n6r.jpg,"i think this is a little too dark , but i like this one ."
0eap9bl4mk.jpg,nice color .
0eatdyc9ks.jpg,nice colors .
0eb3qx3qu9.jpg,i think this is a bit too dark .
0ebcjf1shb.jpg,i think this is a bit too dark .
0ebl7pixlj.jpg,i think this is a little dark .
0edx4ngp2q.jpg,"nice idea , but i like it ."
0ef64jaor4.jpg,i think this is a bit too dark .
0efu95xasu.jpg,i think this is a little more light .
0egnoefguw.jpg,i like the light and the colors .
0ehs0lp5wo.jpg,i think this is a good job .
0em20phfhn.jpg,i think this is a bit too dark .
0emy73gy9q.jpg,i think this is a bit too dark .
0eo8x1i0ys.jpg,i think this is a great job .
0eow1mnyer.jpg,i love this image . i like the colors .
0epbql89rf.jpg,i think this is a little dark .
0epid5ra1j.jpg,i love the colors and the light .
0eptyrbix0.jpg,i think it is a bit too dark .
0epvjtcm4f.jpg,i think this is a great job .
0eqopna0jj.jpg,i think this is a bit more contrast .
0es2bv7rlz.jpg,nice use of light .
0etfwq7pz8.jpg,"i think this is a bit too dark , but i like it ."
0ethzluayp.jpg,i love the colors and the colors .
0etw18vvxz.jpg,i think this is a bit too dark .
0evvyyt53s.jpg,i think this is a great job .
0ex1bj3w1s.jpg,i think this is a little too dark .
0ezzo3ucrn.jpg,nice use of the colors .
0f06q26a1f.jpg,i think this is a little too much contrast .
0f1176be9t.jpg,i think this is a good job !
0f15u78m6f.jpg,i think this is a little too dark .
0f2qhsz13d.jpg,nice use of light .
0f333u17c5.jpg,i think this is a bit too dark .
0f3a407rt1.jpg,i think this is a little more contrast .
0f4qvvfwjo.jpg,i think this is a little too dark .
0f4w2i7vt2.jpg,i think this is a great job .
0f5lbciavy.jpg,"nice idea , but i like it ."
0f6eowi64p.jpg,nice use of light .
0f6xwbwuw6.jpg,i think this is a little too dark .
0f821t294m.jpg,i think this is a good job .
0f96g0mrxr.jpg,i think this is a bit too dark .
0f9kkdt7tn.jpg,i think this is a bit too dark .
0f9kps4c78.jpg,this is a bit too dark .
0fa6da6aar.jpg,i think this is a lot of the colors .
0fbrwa305l.jpg,i think this is a little more contrast .
0fbsuw5anp.jpg,i think this is a bit too dark .
0fcv8tw0hi.jpg,i would have been a little more contrast .
0fcvhz5pg4.jpg,nice job .
0febz88wpy.jpg,i think this is a good job .
0fedj8nrgf.jpg,i think this is a bit too dark .
0ffzap7vt5.jpg,i think this is a little dark .
0fga7umbqu.jpg,i think this is a great job .
0fkaaz0b9f.jpg,"nice idea , but i think it is a bit more contrast ."
0fkq9nnfhi.jpg,nice color .
0fl63uvrww.jpg,i think this is a little more contrast .
0flf988dxz.jpg,i think this is a little dark .
0flm3m4r7r.jpg,this is a bit too dark .
0fmba8l2kh.jpg,i think this is a good job !
0fmdgxv3vo.jpg,"i think this is a bit too dark , but i think ."
0fnvfzxfu1.jpg,i love this photo . i like the colors .
0fnvqds9gu.jpg,"i think this is a little too dark , but i like it ."
0fnyd8yqg1.jpg,"i think this is a little too dark , but i like it ."
0fozntngcl.jpg,i think this is a lot of the colors .
0fphi71pzc.jpg,i think this is a good job .
0fppgra18z.jpg,nice color .
0fpunblve1.jpg,i think this is a little too dark .
0fq8nnw0wc.jpg,i like the colors . i like the colors .
0fqeqovo8u.jpg,"i think this is a bit too dark , but i like it ."
0fqtph01qi.jpg,nice use of light .
0fupo1unng.jpg,i think this is a bit too dark .
0fvpylns54.jpg,i think this is a good job .
0fvxpwjz9s.jpg,i think this is a bit too dark .
0fwoby2ytl.jpg,i love the colors and the colors .
0fy4xajzoy.jpg,i think this is a bit too dark .
0g002qsk4u.jpg,i love this photo . i like this photo . i love the colors .
0g03lepcxl.jpg,nice use of light .
0g0mqw8pin.jpg,nice color .
0g157ijmp2.jpg,"i think this is a little too dark , but i like it ."
0g1uqvi3o6.jpg,i think this is a great job !
0g24zad5sy.jpg,"i think this is a bit too dark , but i think ."
0g29z7qsu9.jpg,i think this is a very well done .
0g4zo2ev1p.jpg,i love the colors and the colors and the colors and the colors .
0g5zkc3vn8.jpg,i think this is a little more contrast .
0g63cv6y5d.jpg,i think this is a good job .
0g6fk58e50.jpg,"i think this is a little too dark , but i like it ."
0g6jtf6mlg.jpg,i think this is a bit too dark .
0g6w3umf1e.jpg,nice job .
0g71onb7i9.jpg,nice color .
0g8fke2ic8.jpg,i think this is a bit too dark .
0g9grqzyj1.jpg,"nice idea , but i think it is a bit too dark ."
0gamccfwmh.jpg,nice use of the colors .
0gcp5plnwn.jpg,nice use of the colors .
0gcs0g4pjb.jpg,"nice idea , but i like it ."
0gdolcl5z1.jpg,i think this is a great job .
0gduvtnpv0.jpg,"i think this is a little too dark , but i like this picture ."
0ge7ju30ah.jpg,nice use of the colors .
0gerilm15v.jpg,i think this is a little more contrast . good job .
0gfh8a8zeg.jpg,i think this is a little too dark .
0gfnld04hx.jpg,i think this is a little too dark .
0gfysgmgub.jpg,i think this is a lot of the colors .
0ggvdr07au.jpg,i think this is a good job .
0ghcreggc1.jpg,i think this is a little too dark .
0gi2e9mv35.jpg,"nice idea , but i like it ."
0git5x39mg.jpg,i love the colors and the colors . nice job .
0gjpsogmk9.jpg,i think this is a bit too dark .
0gjuslow43.jpg,i like the colors and the colors are a lot .
0gkn3ki5za.jpg,i think this is a little too dark .
0gnvzr13wn.jpg,"i think this is a little too dark , but i like this photo ."
0gqobvxig5.jpg,i think this is a great job .
0gsdvoirch.jpg,nice colors .
0gskfk80j2.jpg,i think this is a bit too dark .
0gskr0h6gk.jpg,i think this is a great job .
0gtzv5ur42.jpg,"i think this is a little too dark , but i love it ."
0gu2fv6018.jpg,i think this is a great job .
0gubpc9kd4.jpg,"i think this is a little too dark , but i like it ."
0guribqxwh.jpg,"nice idea , but i like it ."
0gv5qqhk53.jpg,i really like the colors and the colors . nice work .
0gvbvjwd05.jpg,i think this is a great job .
0gw4s9b7xd.jpg,i like the colors . great job .
0gwaokp7eo.jpg,i think this is a bit too dark .
0gwjd6xv1d.jpg,great job !
0gzfu9gmk9.jpg,i think this is a bit more contrast . i like it .
0h01q6scji.jpg,i really like the colors .
0h0f96s3zm.jpg,i really like the colors .
0h0fwf2ooz.jpg,i think this is a bit more contrast .
0h405ku7qu.jpg,i think this is a bit too dark .
0h4wl2yqh4.jpg,i think this is a great job .
0h51t7nwjf.jpg,i think this is a little dark for my taste .
0h5sepzrjb.jpg,i like the light and the colors .
0h6qi8u0bf.jpg,i think this is a good job .
0h75wou3d6.jpg,i like the colors .
0h7coojtgy.jpg,i really like this photo . i like this photo . i like this photo . i like this one . i like this photo . i like this photo . i like this photo .
0h9pw9eh7h.jpg,"nice idea , but i like the colors ."
0h9uus7d9u.jpg,this is a bit too dark .
0harm3qkqn.jpg,i think this is a great job .
0hbzil7i8n.jpg,nice color .
0hc3rgc1rn.jpg,i think this is a great job .
0hdkyfni0e.jpg,nice job .
0hh2poh7m0.jpg,i love this image . i like the colors .
0hisyv8108.jpg,i love this image . i like the colors .
0hkgym41gt.jpg,i think this is a bit too dark .
0hkz46trng.jpg,i think this is a little too much contrast .
0hl8d4m2wx.jpg,i think this is a great job .
0hlle9ey1t.jpg,i love the colors and the colors .
0hm30raxx7.jpg,i think this is a bit too dark .
0hmlewofmz.jpg,i think this is a bit too dark .
0hmud5jh9f.jpg,i think this is a lot of the colors .
0hn6ukrvta.jpg,i love the colors and the light .
0hp8mvciug.jpg,nice use of color .
0hqmthr6q6.jpg,i think this is a bit too dark .
0hqp8r21rv.jpg,"nice idea , but i like it ."
0ht9i72jfy.jpg,i really like this photo . i like this photo . i like the photo .
0hu6zd6xmb.jpg,i think this is a little too dark .
0hyewde19b.jpg,i think this is a little more light .
0hysyai5te.jpg,i love the colors and the colors . nice job .
0hyvkhrbfn.jpg,nice job .
0hzmmeqolu.jpg,i think this is a little too dark .
0hzrowl2li.jpg,i think this is a great job !
0i05vvziky.jpg,i think this is a little too dark .
0i0qoepunn.jpg,nice use of light .
0i0toeagdw.jpg,this is a bit too dark .
0i14t7h58r.jpg,"i think this is a little more contrast , but i like it ."
0i185lg77f.jpg,i think this is a bit too dark .
0i29angmhc.jpg,i think this is a bit too dark .
0i2efi2k65.jpg,i think this is a little more contrast to be a bit too dark .
0i2zyyj2ws.jpg,nice use of light .
0i4dnzdcos.jpg,i think this is a good job .
0i4foer7vc.jpg,i love the colors and the light .
0i560xtuve.jpg,i think this is a little too dark .
0i5bxsvz63.jpg,i think this is a bit more contrast .
0i6zr9njo0.jpg,nice color .
0i8ao96j9r.jpg,i love the colors and the colors .
0ia7z1n8r3.jpg,i think this is a bit too dark .
0iblykqsv5.jpg,i think this is a little more contrast .
0icllk2u4b.jpg,i like the colors . i like the colors .
0idfhxemn1.jpg,i think this is a lot of the photo .
0idwh1zj5f.jpg,i think this is a little too dark .
0ie1tsuosn.jpg,i think this is a little too dark .
0iejs6gd02.jpg,i think this is a little more contrast .
0ifb670vbm.jpg,i think this is a little too dark .
0ifgr5jhg3.jpg,nice use of the colors .
0ig37msvq8.jpg,i would have been a little more contrast .
0iioqi1yyt.jpg,i think this is a bit more contrast .
0iiptkjs1w.jpg,"i think this is a little too dark , but i like this photo ."
0ik7jugzxv.jpg,nice colors .
0ikg83x26a.jpg,i think this is a bit too dark .
0il9qo6tbp.jpg,i think this is a little too much contrast .
0imlntixkm.jpg,i think this is a great job .
0ims9zcg3n.jpg,i like the colors .
0imw5ckwer.jpg,nice colors .
0ind4l6pjo.jpg,i think this is a good job .
0io6iwuq6m.jpg,i like this is a little more contrast .
0ioqck0ozv.jpg,i really like the colors and the colors .
0irxlssq2e.jpg,nice use of light .
0isj7oqwcd.jpg,i think this is a little dark .
0iu419uliq.jpg,i think this is a little dark .
0iuswivib5.jpg,i think this is a bit too dark .
0ivbmdojkw.jpg,i think this is a little too dark .
0ivj8w6cnp.jpg,"i think this is a bit too dark , but i like it ."
0iw7fx34j0.jpg,i think this is a lot of the colors .
0iwn8ramaz.jpg,"i like this photo , but it is a bit more contrast ."
0ixtf6rgs6.jpg,this is a bit too dark .
0j02v58120.jpg,i like the colors . i like the colors .
0j0i3z6s1o.jpg,i think this is a bit too dark .
0j2v3bethx.jpg,i think this is a little more contrast .
0j3e2c0y52.jpg,nice use of light .
0j4efamvo1.jpg,"i think this is a bit too dark , but i like it ."
0j55p3jaib.jpg,i think this is a little too much contrast .
0j70ubzakz.jpg,i think this is a bit too dark .
0j7w2ab8f8.jpg,i think this is a great job !
0j7wr1l4o8.jpg,i think this is a little more contrast .
0j7xzcr0fv.jpg,i think this is a bit too dark .
0j9n9rekzm.jpg,nice color .
0j9yzljdau.jpg,"i think this is a little too dark , but i like the light ."
0jaink8ha0.jpg,i think this is a bit too dark .
0jb9bc1uwy.jpg,i think this is a bit too dark .
0jbom596s7.jpg,nice use of light .
0jc9ebuv0d.jpg,i think this is a little more contrast . i like it . i like it .
0jcgeqtl9p.jpg,i really like the colors .
0jd590eihx.jpg,i think this is a little too dark .
0jdeyfb0it.jpg,nice colors .
0jeu17aq0h.jpg,i think this is a bit too dark .
0jfy68k4eu.jpg,great job .
0jjlt8mfdp.jpg,i think this is a great job .
0jkf7avfqo.jpg,i like this one of a little more contrast and white .
0jkqhewjp4.jpg,i think this is a little more contrast .
0jobh7fxpb.jpg,i like the light and the colors .
0jr4kvcf7o.jpg,i think this is a little more light is a bit too dark .
0jrjv9btcr.jpg,"i think this is a little dark , but i think it ."
0jrpadzruj.jpg,i love this image . i like the colors .
0js45seckz.jpg,great job !
0js99czmbc.jpg,i think this is a great job .
0jsk006fs5.jpg,"i think this is a little too dark , but i like it ."
0jte6mz70s.jpg,i think this is a great job .
0jtjz4p2np.jpg,i think this is a little too much contrast .
0jul9njpcj.jpg,i think this is a great job .
0jxiyvie3v.jpg,nice colors .
0jxpfq4vq1.jpg,nice job .
0jyr6qxu8v.jpg,i love the colors . i like the colors .
0k0n5bxpwf.jpg,i love the colors and the light .
0k0tbkqyuc.jpg,i think this is a bit too much contrast .
0k0y9q8n05.jpg,nice use of color .
0k419ytf6v.jpg,i think this is a good job .
0k483q0mwg.jpg,i really like the colors .
0k5dmth9u3.jpg,i like the light and the colors .
0k5to2w0o7.jpg,i like the colors .
0k786kdtmp.jpg,"i think this is a bit too dark , but its a bit more contrast ."
0k888ast0l.jpg,i think this is a little more contrast .
0k9b19so6c.jpg,i think this is a lot of the colors .
0k9rrf1n25.jpg,i think it is a bit too dark .
0ka1rhcc9d.jpg,nice color .
0ka3jb34fb.jpg,i like the colors .
0kaagqguta.jpg,"i think this is a little too dark , but i like it ."
0kab33cjbo.jpg,nice job !
0kcjhmqcmu.jpg,i love this image . i like this image . i like this photo . i like this photo . i like this photo .
0kcnskp5hk.jpg,i think this is a bit too dark .
0ketznz3n6.jpg,i love this image . the colors .
0kf73v4e6x.jpg,"i like this photo , but i like it is a little more contrast ."
0kg32h4vgr.jpg,nice colors . i like the colors .
0kgfm25erv.jpg,i think this is a little too dark .
0kh2cs6vcg.jpg,i think this is a good job .
0khedv43lu.jpg,i think this is a little more light .
0khlh78pg4.jpg,i think this is a bit too dark .
0kjuzz1n0s.jpg,i think this is a bit too dark .
0kkzbz5tbs.jpg,i think this is a bit too dark .
0kl8tmgtsz.jpg,i love the colors and the light .
0klpi94g29.jpg,i think this is a little dark .
0klt9x06pa.jpg,i love the colors . the colors .
0kltrynr6w.jpg,nice use of light .
0klvvk8jw9.jpg,i love the colors and the colors .
0kmb2q7zh0.jpg,i think this is a bit too dark .
0knv6tycpn.jpg,"nice use of light , but i like the colors and the light ."
0knzhedbu4.jpg,nice use of the color .
0koaqw5i9x.jpg,i think this is a good job .
0kpgbdm4zl.jpg,i think this is a bit more contrast .
0kpqpp5v3y.jpg,i like the colors .
0kqjkiuju4.jpg,nice idea . i like the colors .
0kqzldz80w.jpg,i think this is a good job .
0ktzbtyn07.jpg,i think this is a good job .
0kxlvfhygf.jpg,i think this is a good job .
0kyjm9gcga.jpg,nice color .
0kyt2clkt0.jpg,i think this is a great job .
0l16tftcl4.jpg,i love the colors . the colors .
0l1xmb2o7v.jpg,"nice idea , but i like it ."
0l2qof55dx.jpg,i think this is a little more contrast .
0l383ibb56.jpg,i think this is a good job .
0l384bw02o.jpg,i think this is a little more contrast .
0l3cm5ze9s.jpg,"nice idea , but i like it ."
0l3rqll02j.jpg,i love the colors and the colors .
0l3xsr0b0o.jpg,i love this image . i love the colors . i like the colors . i like the colors .
0l4cxch3on.jpg,i think this is a bit too dark .
0l4gku7u4d.jpg,i think this is a little dark .
0l4i6xe1g9.jpg,i think this is a little too dark .
0l4sq191vr.jpg,nice job !
0l4yhqg8sw.jpg,nice use of light .
0l5z4m3hty.jpg,i think this is a little dark .
0l6g9rqdx1.jpg,"i think this is a bit too dark , but i like it ."
0l8ihf2v0m.jpg,i love the colors and the colors .
0l9xbtligb.jpg,i think this is a little too dark .
0lbk886yfj.jpg,i think this is a little more contrast .
0lbo65y7b9.jpg,i love the colors .
0lbsxg4hyx.jpg,i love the colors . the colors . nice job .
0lcmlzdbfm.jpg,i think it is a bit too dark .
0ldzae3yqs.jpg,i think this is a little more light .
0lee0ujfu8.jpg,nice job .
0leehd8dob.jpg,i love this photo . i like this photo . i like the colors .
0lhvlbs729.jpg,"i think this is a bit too dark , but i like it ."
0lj7qslv3v.jpg,i think this is a bit too dark .
0ll01nvs0g.jpg,i love the colors .
0llrrxpqap.jpg,nice colors .
0lmdjrwa6b.jpg,i love the colors and the photo .
0lmxrimo8p.jpg,"i think this is a bit too dark , but i like it ."
0lmzgs5ijw.jpg,i think this is a bit too dark .
0lopwe7s4m.jpg,"i think this is a little too dark , but i like it ."
0lorrv41ft.jpg,i love the colors and the colors . nice job !
0lp8tktdps.jpg,i think this is a little more contrast .
0lpjehn5uc.jpg,"i think this is a little too dark , but i like it ."
0lpv59s6in.jpg,i think this is a bit more contrast .
0ls8xz6udi.jpg,i love the colors and the colors .
0lsmb0rtuc.jpg,i think this is a little too dark .
0ltibio6vi.jpg,i love the colors .
0ltxwouifd.jpg,"i like the colors , but i like the colors ."
0luwl4r6nu.jpg,i love the colors and the colors .
0lvb23mq6d.jpg,i think this is a bit more contrast . i like it .
0lvdvorj7q.jpg,i think this is a great job .
0lwhk5z2wn.jpg,"i think this is a little too dark , but i like it ."
0lwlytzpzk.jpg,nice use of light .
0ly048us1k.jpg,i think this is a little more contrast .
0lyc858sxg.jpg,nice color .
0lyhb55xma.jpg,i really like the colors .
0lyiw9vudu.jpg,"i like the colors , but i like the colors ."
0lyqlro085.jpg,i think this is a bit more contrast .
0lywsbxpo3.jpg,i love the color and the colors .
0lzhzhm5kj.jpg,i think this is a good idea .
0m0r1s48lh.jpg,i love the colors and the colors .
0m0sbyqsf7.jpg,nice use of light .
0m47ezx1tu.jpg,"i think this is a bit too dark , but i like it ."
0m4aflr2gl.jpg,i like the light and the colors .
0m4su3p7af.jpg,i think this is a little more light .
0m5rjbsovt.jpg,i love the colors and the colors . i like the blue .
0m9h5wx8c9.jpg,"nice idea , but i think it is a little more contrast ."
0m9hp3g6i5.jpg,nice use of the colors .
0m9w73vhqk.jpg,i think this is a good job .
0mcaemnywu.jpg,i think this is a bit more contrast .
0mckhxrz3c.jpg,nice capture .
0mdyld6bmi.jpg,i love the colors .
0mg3cbor7n.jpg,i think this is a bit too dark .
0mgp060589.jpg,i think this is a bit too dark .
0mhx7llez2.jpg,i think this is a little too dark .
0mifdktxqk.jpg,i think this is a lot of the colors .
0mjlxsbkum.jpg,i think this is a little more light .
0mk2vzo49u.jpg,i like the light and the colors .
0mlwgzv380.jpg,this is a bit too dark .
0mnf8e3t7x.jpg,i think this is a little more contrast . nice job .
0modi41ki5.jpg,i love this photo . i like the colors . i love the colors .
0mq310ch0l.jpg,"i think this is a little too dark , but i like it ."
0mqe9r8ip5.jpg,i think this is a little more contrast .
0mslmy7crq.jpg,nice color .
0mtneh5nss.jpg,i think this is a little more light .
0muvbltpva.jpg,"i think this is a little too dark , but i like this photo ."
0mvbhpy7jt.jpg,i think this is a little dark .
0mvdzm7mh1.jpg,i love the colors and the colors .
0mxbr6b77n.jpg,nice color .
0mxd9fpxfy.jpg,i love the colors and the blue .
0mxlhszuat.jpg,nice use of the colors .
0my8ckkcyr.jpg,"i think this is a little too dark , but i like the colors ."
0mz56lbxij.jpg,nice use of the colors .
0mzqa6lsnm.jpg,nice use of the colors .
0n0u5wvqvp.jpg,i love the colors and the colors .
0n1c4x3qdq.jpg,i think this is a bit too dark .
0n1kqhu59o.jpg,nice use of light .
0n2aqpplq3.jpg,i really like the colors .
0n2htdasaq.jpg,i think this is a little more contrast . nice job .
0n2xwkib0j.jpg,i love the colors and the colors . the blue .
0n32rw3w2r.jpg,i think this is a little more contrast .
0n3aevu24d.jpg,"i think this is a bit too dark , but i like it ."
0n3jmj46z0.jpg,nice use of the colors .
0n3xny4zp7.jpg,i love the colors and the colors . nice job !
0n45qzbqh2.jpg,i think this is a bit more contrast .
0n4ah296jv.jpg,i think this is a bit more light .
0n5qyq9e6u.jpg,i like the colors .
0n679zwdk1.jpg,nice colors .
0n6mqm989k.jpg,nice job !
0n8ifm77lm.jpg,"nice idea , but i like it ."
0nagaw64hw.jpg,nice use of the colors .
0nbfxs5r2v.jpg,i love the colors and the blue .
0nfnxj86ow.jpg,i think this is a little too dark .
0ngglcie9x.jpg,i think this is a bit too dark .
0nggtj94jd.jpg,i think this is a little too much contrast .
0nifugdl11.jpg,great job !
0niup0h33p.jpg,i think this is a little too dark .
0nj1mhsge6.jpg,i think this is a little dark .
0nj2wfa56h.jpg,i really like this photo . i like the colors in this photo .
0nma4625sb.jpg,"i think this is a bit too dark , but i like it ."
0nnqw22lsa.jpg,this is a bit too dark .
0nnu7fyg99.jpg,i think this is a little dark .
0no4ee4ant.jpg,nice use of light .
0nq7okqjnc.jpg,i think this is a bit more contrast .
0nqddf2bcu.jpg,i would have been a little more contrast .
0nqu899zix.jpg,i love the colors and the colors . nice job .
0nr8pucmmt.jpg,"i think this is a bit too dark , but i like it ."
0nr8rtfxv9.jpg,i think it is a bit too dark .
0ns248o3xn.jpg,nice use of light .
0nue77buzg.jpg,i love the colors . the colors .
0numqshd7q.jpg,"i think this is a little too dark , but i like it ."
0nunx4g0q5.jpg,i think this is a good job .
0nvc74axzf.jpg,i think this is a little more contrast .
0nvumyewlf.jpg,i like the colors .
0nw466cp8h.jpg,"i think this is a little too dark , but i like it ."
0nyv6fxkin.jpg,"nice idea , but i like it ."
0o033xfcgt.jpg,i think this is a little dark .
0o0c2ulg3n.jpg,nice colors .
0o0crv9hnf.jpg,i like the colors .
0o0gil4laj.jpg,i think this is a great job .
0o41jdsc1z.jpg,"this is a bit too dark , but i like it ."
0o49xc6m2d.jpg,i think this is a bit too dark .
0o4ldlvxq0.jpg,i think this is a little more contrast .
0o5c6kno3c.jpg,i love the colors and the colors . nice work .
0o6occie51.jpg,i like the colors and the colors .
0o726as8oc.jpg,nice use of light .
0o8y39qb87.jpg,i think this is a bit too dark .
0o8ypa1bjf.jpg,"i think this is a bit too dark , but i think this is a bit too dark ."
0o9dnxarg6.jpg,i think this is a little more contrast . i like this photo .
0oaf281yp4.jpg,nice colors .
0oasau32qt.jpg,i think this is a great job .
0obih6auge.jpg,"i think this is a bit too dark , but i like it ."
0ocusry4kv.jpg,i think this is a bit too dark .
0ofo06dc37.jpg,i think the colors are a bit too dark .
0oh44ae0bn.jpg,i think this is a bit too dark .
0ohd12h13v.jpg,i think this is a little more contrast .
0ohyjt3kuv.jpg,i think this is a little too dark .
0oibkf9bmf.jpg,i think this is a good job .
0oig0dl1x8.jpg,i think this is a bit too dark .
0oigeq9ytz.jpg,i think this is a bit too dark .
0ojcjpoimd.jpg,i love the colors and the blue .
0ojhlz1nrp.jpg,i think this is a great job !
0ojpv1tsgk.jpg,i think this is a little more light .
0ok99jghcv.jpg,i think this is a bit too dark for my taste .
0oof6cqfpd.jpg,"i like the colors , but i like the colors ."
0oq435r4hb.jpg,i like the colors and the colors .
0oqesli96k.jpg,i think this is a bit more contrast .
0oqhcxgzuv.jpg,i think this is a little dark .
0orageflq3.jpg,nice color .
0ot1pkhje3.jpg,"nice idea , but i like the colors and the colors ."
0otoc1vkps.jpg,i like the colors and the colors .
0oug29ltaa.jpg,i think this is a good job .
0ovgeud5a0.jpg,i love the colors .
0ovmp5xirb.jpg,i really like this photo . i think it is a little dark .
0owmnil75h.jpg,i think this is a little too dark . i like it .
0oytudrmot.jpg,i think this is a little too dark .
0oze8iy6fx.jpg,nice colors .
0ozlwub9pw.jpg,"i think this is a bit too dark , but i like it ."
0p1hoix9w7.jpg,i think this is a little more contrast .
0p1rkhlkpl.jpg,i think this is a little more contrast .
0p2842pa3b.jpg,i really like this photo . nice job .
0p2tl7jhkb.jpg,i think this is a bit too dark .
0p4f57vj8n.jpg,i think this is a good job .
0p75l6hk8x.jpg,i think this is a lot of the image .
0p79obpsyx.jpg,"nice idea , but i like it ."
0p7o9wjr6b.jpg,nice use of the colors .
0p8mrvttaa.jpg,"i think this is a bit too dark , but i like it ."
0p8yjd4345.jpg,i think this is a little dark .
0p9sco821a.jpg,i think this is a little more light .
0paishuo2s.jpg,i think this is a great job .
0pb1cncegq.jpg,i like the light and the colors .
0pbqubdgin.jpg,i think this is a great job .
0pc2sovydy.jpg,i think this is a little too dark .
0pcf0kjwwx.jpg,nice use of the colors .
0pcopx75n4.jpg,i love the colors . i like the colors !
0pd2muhnm4.jpg,i think this is a bit too dark .
0pd8h9xvjx.jpg,nice colors . i like the colors .
0pe4fgr8cx.jpg,i think this is a little too dark .
0pfen5rzco.jpg,"i think this is a bit too dark , but i like it ."
0pi4gx2d59.jpg,"i think this is a little too dark , but i like this photo ."
0pjisvuv8r.jpg,"i think this is a little too dark , but i like it ."
0pjy5voh33.jpg,i like the colors . great job !
0plge3iiyf.jpg,i love the colors .
0pm9lpb3aj.jpg,"i like the colors , but i like the colors ."
0pmgn1k26l.jpg,i think this is a good job .
0pmiceqpin.jpg,i love this image . the colors .
0pokwlbila.jpg,i think this is a bit more contrast .
0poypf3r4h.jpg,nice color .
0pp5t4jc7q.jpg,"nice idea , but i like it ."
0ppevqsb7n.jpg,i love the colors and the colors . great work !
0pq1am1eys.jpg,i think this is a bit too dark .
0ptl9lvq1k.jpg,i think this is a great job .
0pvbnbxk92.jpg,great job !
0pw1uueait.jpg,nice color .
0pxcs0bse6.jpg,nice color .
0pykwgxjt2.jpg,nice use of light .
0pzi4a97iq.jpg,i think this is a little more contrast .
0pzjveu0wj.jpg,"i like this photo , but i think it is a little more contrast ."
0q15khwy1r.jpg,i think this is a little dark .
0q1u1x5cuc.jpg,i like the colors are a little too much .
0q2iaxvki9.jpg,i think this is a little dark for me .
0q2nyk3ioh.jpg,nice colors .
0q3araf2zb.jpg,i think this is a lot of the image .
0q4iik6n5h.jpg,i love the colors and the colors .
0q4sljji7h.jpg,nice use of the light .
0q544298c5.jpg,i think this is a little more contrast .
0q5zovmee3.jpg,nice color .
0q7i9xcy9j.jpg,nice use of the image .
0q7x9zioms.jpg,i love the colors and the colors .
0q9x5as4ub.jpg,i think this is a little too much contrast .
0qboofd7z3.jpg,nice use of color
0qckc66j2u.jpg,i love the light and the colors .
0qd4xmckd2.jpg,i think this is a great job .
0qfcs32z9q.jpg,i love the colors and the colors . great job !
0qfu0hdgo7.jpg,nice use of the colors .
0qg8zyfey4.jpg,"i think this is a bit too dark , but i love it ."
0qgq1en9ze.jpg,i love the colors and the colors .
0qgup92eyj.jpg,i think this is a little too dark . i like it .
0qh6c6rwal.jpg,i think this is a great job .
0qhsg3uw9g.jpg,i think this is a little dark .
0qi7w8du94.jpg,i think this is a bit too dark .
0qjauudmua.jpg,i think this is a great job .
0qjgkmh9j3.jpg,i think this is a bit too dark .
0qju96hwqr.jpg,i think this is a little too dark .
0qkiq6k659.jpg,i think this is a great job .
0qmzqyaqls.jpg,i think this is a great job .
0qori7lxh8.jpg,i think this is a little more contrast and white .
0qp8ofq9rp.jpg,i love the colors and the colors .
0qpuzph463.jpg,i like the light and the colors .
0qpy255g53.jpg,i love the colors and the colors . nice job !
0qt85304om.jpg,i think this is a lot of the image is a bit too dark .
0qvz8e1bnk.jpg,i think this is a bit too much contrast .
0qxsqh1hdt.jpg,i love the colors and the colors . nice colors .
0r0npa5bic.jpg,i love the colors and the light .
0r2j9ipdan.jpg,i think this is a little too much contrast .
